{"chunk_definitions":[{"row":12,"row_count":1,"visible":true,"expansion_state":0,"options":{"engine":"r","label":"setup","include":false,"dev":"png"},"document_id":"7E6388C0","chunk_id":"csetup_chunk","chunk_label":"setup"},{"row":27,"row_count":1,"visible":true,"expansion_state":0,"options":{"engine":"r","message":false,"warning":false,"label":"unnamed-chunk-3","dev":"png"},"document_id":"7E6388C0","chunk_id":"cgg2wk2w4an2g","chunk_label":"unnamed-chunk-1"},{"row":36,"row_count":1,"visible":true,"expansion_state":0,"options":{"engine":"r","label":"unnamed-chunk-4","dev":"png"},"document_id":"7E6388C0","chunk_id":"c97cavb6jy84a","chunk_label":"unnamed-chunk-2"},{"row":42,"row_count":1,"visible":true,"expansion_state":0,"options":{"engine":"r","label":"unnamed-chunk-5","dev":"png"},"document_id":"7E6388C0","chunk_id":"cymulh1z6eyd3","chunk_label":"unnamed-chunk-3"},{"row":55,"row_count":1,"visible":true,"expansion_state":0,"options":{"engine":"r","label":"unnamed-chunk-6","dev":"png"},"document_id":"7E6388C0","chunk_id":"chzffqqaij3u6","chunk_label":"unnamed-chunk-4"},{"row":160,"row_count":1,"visible":true,"expansion_state":0,"options":{"engine":"r","label":"unnamed-chunk-7","dev":"png"},"document_id":"7E6388C0","chunk_id":"cw5u82az9zgi6","chunk_label":"unnamed-chunk-5"},{"row":177,"row_count":1,"visible":true,"expansion_state":0,"options":{"engine":"r","label":"unnamed-chunk-6","dev":"png"},"document_id":"7E6388C0","chunk_id":"cawgbiot1xtry","chunk_label":"unnamed-chunk-6"},{"row":183,"row_count":1,"visible":true,"expansion_state":1,"options":{"engine":"r","message":false,"warning":false,"label":"unnamed-chunk-7","dev":"png"},"document_id":"7E6388C0","chunk_id":"cqpdfrqoou82l","chunk_label":"unnamed-chunk-7"},{"row":189,"row_count":1,"visible":true,"expansion_state":1,"options":{"engine":"r","message":false,"warning":false,"label":"unnamed-chunk-8","dev":"png"},"document_id":"7E6388C0","chunk_id":"c95f0jk0i2thx","chunk_label":"unnamed-chunk-8"},{"row":196,"row_count":1,"visible":true,"expansion_state":0,"options":{"engine":"r","message":false,"warning":false,"label":"unnamed-chunk-7","dev":"png"},"document_id":"7E6388C0","chunk_id":"ceb8gp3nskit4","chunk_label":"unnamed-chunk-9"},{"row":203,"row_count":1,"visible":true,"expansion_state":1,"options":{"engine":"r","message":false,"warning":false,"label":"unnamed-chunk-9","dev":"png"},"document_id":"7E6388C0","chunk_id":"ck8kq3crpyuor","chunk_label":"unnamed-chunk-10"},{"row":219,"row_count":1,"visible":true,"expansion_state":0,"options":{"engine":"r","message":false,"warning":false,"label":"unnamed-chunk-23","dev":"png"},"document_id":"7E6388C0","chunk_id":"cp3vifhpwbogm","chunk_label":"unnamed-chunk-11"},{"row":233,"row_count":1,"visible":true,"expansion_state":0,"options":{"engine":"r","label":"unnamed-chunk-11","dev":"png"},"document_id":"7E6388C0","chunk_id":"ckauu98r4u4og","chunk_label":"unnamed-chunk-12"},{"row":240,"row_count":1,"visible":true,"expansion_state":0,"options":{"engine":"r","message":false,"warning":false,"label":"unnamed-chunk-14","dev":"png"},"document_id":"7E6388C0","chunk_id":"ccu97q6bl91vu","chunk_label":"unnamed-chunk-13"},{"row":247,"row_count":1,"visible":true,"expansion_state":0,"options":{"engine":"r","message":false,"warning":false,"label":"unnamed-chunk-20","dev":"png"},"document_id":"7E6388C0","chunk_id":"cj09ug6ttrq4t","chunk_label":"unnamed-chunk-14"},{"row":255,"row_count":1,"visible":true,"expansion_state":0,"options":{"engine":"r","label":"unnamed-chunk-7","dev":"png"},"document_id":"7E6388C0","chunk_id":"c8h231q0xujv9","chunk_label":"unnamed-chunk-15"},{"row":259,"row_count":1,"visible":true,"expansion_state":0,"options":{"engine":"r","label":"unnamed-chunk-8","dev":"png"},"document_id":"7E6388C0","chunk_id":"c7l8tiqowbnmc","chunk_label":"unnamed-chunk-16"},{"row":272,"row_count":1,"visible":true,"expansion_state":0,"options":{"engine":"r","message":false,"warning":false,"label":"unnamed-chunk-19","dev":"png"},"document_id":"7E6388C0","chunk_id":"c4hugbufykn9v","chunk_label":"unnamed-chunk-17"},{"row":283,"row_count":1,"visible":true,"expansion_state":0,"options":{"engine":"r","message":false,"warning":false,"label":"unnamed-chunk-22","dev":"png"},"document_id":"7E6388C0","chunk_id":"c8bnts0typcjl","chunk_label":"unnamed-chunk-18"},{"row":296,"row_count":1,"visible":true,"expansion_state":0,"options":{"engine":"r","message":false,"warning":false,"label":"unnamed-chunk-9","dev":"png"},"document_id":"7E6388C0","chunk_id":"cwcdve4ap5yms","chunk_label":"unnamed-chunk-19"},{"row":304,"row_count":1,"visible":true,"expansion_state":0,"options":{"engine":"r","message":false,"warning":false,"label":"unnamed-chunk-17","dev":"png"},"document_id":"7E6388C0","chunk_id":"cnj7evtstm3nf","chunk_label":"unnamed-chunk-20"}],"doc_write_time":1713004982,"working_dir":null,"default_chunk_options":{"error":true,"echo":true},"chunk_rendered_width":600}