"0","  Répartition<-base_tp2%>%"
"0","  select(si_chef_men)%>%"
"0","  count(si_chef_men)%>%"
"0","  mutate(Percentage=n/sum(n)*100) #pour calculer la fréquence"
"0","  ggplot(Répartition, aes(x = """",y=n ,fill =si_chef_men)) +"
"0","  geom_bar(stat = ""identity"" , position = ""fill"") +"
"0","  coord_polar(""y"") +"
"0","  geom_text(aes(label=paste0(round(Percentage,1),""%"")),position = position_fill(vjust = 0.4))+"
"0","  theme_void()+"
"0","  labs(fill=""Statut du ménage"",title = ""Répartion des Producteurs suivant le Statut du ménage"") #pour nomme les axes et legende et le titre du graphe"
