{"chunk_definitions":[{"row":11,"row_count":1,"visible":true,"expansion_state":0,"options":{"engine":"r","label":"setup","include":false,"dev":"png"},"document_id":"7E6388C0","chunk_id":"csetup_chunk","chunk_label":"setup"},{"row":26,"row_count":1,"visible":true,"expansion_state":0,"options":{"engine":"r","message":false,"warning":false,"label":"unnamed-chunk-2","dev":"png"},"document_id":"7E6388C0","chunk_id":"cgg2wk2w4an2g","chunk_label":"unnamed-chunk-1"},{"row":35,"row_count":1,"visible":true,"expansion_state":0,"options":{"engine":"r","label":"unnamed-chunk-3","dev":"png"},"document_id":"7E6388C0","chunk_id":"c97cavb6jy84a","chunk_label":"unnamed-chunk-2"},{"row":41,"row_count":1,"visible":true,"expansion_state":0,"options":{"engine":"r","label":"unnamed-chunk-4","dev":"png"},"document_id":"7E6388C0","chunk_id":"cymulh1z6eyd3","chunk_label":"unnamed-chunk-3"},{"row":54,"row_count":1,"visible":true,"expansion_state":0,"options":{"engine":"r","label":"unnamed-chunk-5","dev":"png"},"document_id":"7E6388C0","chunk_id":"chzffqqaij3u6","chunk_label":"unnamed-chunk-4"},{"row":159,"row_count":1,"visible":true,"expansion_state":0,"options":{"engine":"r","label":"unnamed-chunk-6","dev":"png"},"document_id":"7E6388C0","chunk_id":"cw5u82az9zgi6","chunk_label":"unnamed-chunk-5"},{"row":176,"row_count":1,"visible":true,"expansion_state":0,"options":{"engine":"r","label":"unnamed-chunk-5","dev":"png"},"document_id":"7E6388C0","chunk_id":"cawgbiot1xtry","chunk_label":"unnamed-chunk-6"},{"row":182,"row_count":1,"visible":true,"expansion_state":1,"options":{"engine":"r","message":false,"warning":false,"label":"unnamed-chunk-8","dev":"png"},"document_id":"7E6388C0","chunk_id":"cqpdfrqoou82l","chunk_label":"unnamed-chunk-7"}],"doc_write_time":1712839289}