{"chunk_definitions":[{"row":18,"row_count":1,"visible":true,"expansion_state":0,"options":{"engine":"r","label":"setup","include":false,"dev":"png"},"document_id":"7E6388C0","chunk_id":"csetup_chunk","chunk_label":"setup"},{"row":38,"row_count":1,"visible":true,"expansion_state":0,"options":{"engine":"r","label":"unnamed-chunk-2","dev":"png"},"document_id":"7E6388C0","chunk_id":"c97cavb6jy84a","chunk_label":"unnamed-chunk-1"},{"row":44,"row_count":1,"visible":true,"expansion_state":0,"options":{"engine":"r","label":"unnamed-chunk-3","dev":"png"},"document_id":"7E6388C0","chunk_id":"cymulh1z6eyd3","chunk_label":"unnamed-chunk-2"},{"row":57,"row_count":1,"visible":true,"expansion_state":0,"options":{"engine":"r","label":"unnamed-chunk-6","dev":"png"},"document_id":"7E6388C0","chunk_id":"chzffqqaij3u6","chunk_label":"unnamed-chunk-3"},{"row":162,"row_count":1,"visible":true,"expansion_state":0,"options":{"engine":"r","label":"unnamed-chunk-12","dev":"png"},"document_id":"7E6388C0","chunk_id":"cw5u82az9zgi6","chunk_label":"unnamed-chunk-4"},{"row":179,"row_count":1,"visible":true,"expansion_state":0,"options":{"engine":"r","label":"unnamed-chunk-13","dev":"png"},"document_id":"7E6388C0","chunk_id":"cawgbiot1xtry","chunk_label":"unnamed-chunk-5"},{"row":207,"row_count":1,"visible":true,"expansion_state":0,"options":{"engine":"r","label":"unnamed-chunk-9","dev":"png"},"document_id":"7E6388C0","chunk_id":"cpkwfzqxrpfqu","chunk_label":"unnamed-chunk-7"},{"row":220,"row_count":1,"visible":true,"expansion_state":1,"options":{"engine":"r","label":"unnamed-chunk-6","dev":"png"},"document_id":"7E6388C0","chunk_id":"c4kev6qa4dj4m","chunk_label":"unnamed-chunk-8"},{"row":233,"row_count":1,"visible":true,"expansion_state":1,"options":{"engine":"r","label":"unnamed-chunk-9","dev":"png"},"document_id":"7E6388C0","chunk_id":"cppmmc7mo7qlq","chunk_label":"unnamed-chunk-9"}],"doc_write_time":1712648744,"working_dir":null,"default_chunk_options":{"error":true,"echo":true}}