"0","#sexe"
"0","base_tp2$sexe <- as.character(base_tp2$sexe)# pour changer le type de données en caractere"
"0","base_tp2 <- base_tp2 %>%"
"0","  mutate(sexe = case_when(   #case_when() de dplyr permet de vectoriser plusieurs instructions"
"0","    sexe == ""1"" ~ ""Homme"","
"0","    sexe == ""2"" ~ ""Femme"","
"0","    TRUE ~ sexe ))  # Garder les autres valeurs inchangées"
"0","#sit_mat"
"0","base_tp2$sit_mat <- as.character(base_tp2$sit_mat)"
"0","base_tp2 <- base_tp2 %>%"
"0","  mutate(sit_mat = case_when("
"0","    sit_mat == ""1"" ~ ""Marié(e)"","
"0","    sit_mat == ""3"" ~ ""Veuf(ve)"","
"0","    sit_mat == ""4"" ~ ""Divorcé(e)"","
"0","    sit_mat == ""5"" ~ ""Séparé(e)"","
"0","    sit_mat == ""6"" ~ ""Célibataire"","
"0","    TRUE ~ sit_mat))"
"0","#si_chef_men"
"0","base_tp2$si_chef_men <- as.character(base_tp2$si_chef_men)"
"0","base_tp2 <- base_tp2 %>%"
"0","  mutate(si_chef_men = case_when(si_chef_men == ""1"" ~ ""femme du chef de menage"","
"0","                                 si_chef_men == ""2"" ~ ""chef de menage"","
"0","                                 si_chef_men ==""3"" ~ ""fils-fille du chef de menage"","
"0","                                 si_chef_men == ""99"" ~  ""Autres"" , "
"0","                                 TRUE~ si_chef_men))"
"0","#ethnie"
"0","base_tp2$ethnie <- as.character(base_tp2$ethnie)"
"0","base_tp2 <- base_tp2 %>%"
"0","  mutate(ethnie = case_when(ethnie ==  ""1"" ~ ""Wolof"","
"0","                            ethnie == ""2"" ~ ""Pularr/Toucouleur"","
"0","                            ethnie ==  ""3"" ~ ""Sérère"","
"0","                            ethnie ==""4"" ~ ""Mandika/bambara"","
"0","                            ethnie == ""5"" ~ ""Soninké"","
"0","                            ethnie ==""6"" ~ ""Diola"","
"0","                            ethnie == ""7"" ~ ""Mandjak"","
"0","                            ethnie ==  ""8"" ~ ""Bainouk"","
"0","                            ethnie == ""9"" ~ ""Maures"","
"0","                            ethnie == ""10"" ~ ""Balante"","
"0","                            ethnie ==""77"" ~ ""Autre"","
"0","                            TRUE~ethnie))"
"0","#occupation"
"0","base_tp2$occupation <- as.character(base_tp2$occupation)"
"0","base_tp2 <- base_tp2 %>%"
"0","mutate(occupation = case_when(occupation==""1"" ~ ""Agriculture,Elevage,Sylviculture,Peche"","
"0","                              occupation==  ""2"" ~ ""Activité extractive"","
"0","                              occupation== ""3"" ~ ""Activité de fabrication(Artisanat)"","
"0","                              occupation== ""4"" ~ ""Activité de transformation"","
"0","                              occupation== ""5"" ~ ""Production et distribution d'electricité et de gaz"","
"0","                              occupation== ""6"" ~ ""Production et distribution d'eau,assainissement, "
"0","                                            Traitement des dechets et pollution"","
"0","                                                  TRUE ~ occupation))"
"0","#formation"
"0","base_tp2$formation <- as.character(base_tp2$formation)"
"0","base_tp2 <- base_tp2 %>%"
"0","  mutate(formation = case_when(formation==""1"" ~ ""Non scolarisé"","
"0","                               formation==""2"" ~ ""Elémentaire"","
"0","                               formation==""3"" ~ ""Moyen"","
"0","                               formation==""4"" ~ ""Secondaire"","
"0","                               formation==""5"" ~ ""Licence"","
"0","                               formation==""6"" ~ ""Master"","
"0","                               formation==""7"" ~ ""Doctorat"","
"0","                               formation==""99"" ~ ""Ne sait pas"","
"0","                               TRUE~ formation))"
"0","#niveau_alphabs"
"0","base_tp2$niveau_alphabs <- as.character(base_tp2$niveau_alphabs)"
"0","base_tp2 <- base_tp2 %>%"
"0","  mutate(niveau_alphabs = case_when(niveau_alphabs ==""0"" ~ ""Sans niveau"","
"0","                                    niveau_alphabs ==""1"" ~ ""Sait lire dans une langue"","
"0","                                    niveau_alphabs ==""2"" ~ ""Sait lire et ecrire dans une langue"" , "
"0","                                    TRUE~ niveau_alphabs))"
"0","#types_varietes"
"0","base_tp2$types_varietes <- as.character(base_tp2$types_varietes)"
"0","base_tp2 <- base_tp2 %>%"
"0","  mutate(types_varietes = case_when("
"0","    types_varietes == ""1"" ~ ""Traditionnelles"","
"0","    types_varietes == ""2"" ~ ""Améliorées"","
"0","    TRUE ~ types_varietes))"
"0","#criteres_var"
"0","base_tp2$criteres_var <- as.character(base_tp2$criteres_var)"
"0","base_tp2 <- base_tp2 %>%"
"0","  mutate(criteres_var = case_when("
"0","                            criteres_var == ""1"" ~ ""redements élevés"","
"0","                            criteres_var ==  ""2"" ~ ""taille des graines"","
"0","                            criteres_var ==""3"" ~ ""résistantes aux maladies/ravageurs"","
"0","                            criteres_var == ""4"" ~ ""tolérantes aux sècheresses"","
"0","                            criteres_var ==""5"" ~ ""Tolérantes aux inondations"","
"0","                            criteres_var == ""6"" ~ ""Faible charge de travail"","
"0","                            criteres_var ==  ""7"" ~ ""Faibles quantités d'intrants"","
"0","                            criteres_var == ""8"" ~ ""faciler à transformer"","
"0","                            criteres_var == ""9"" ~ ""Haute teneur en huile"","
"0","                            criteres_var ==""10"" ~ ""Haut rendement après transformation"","
"0","                            criteres_var ==""11"" ~ ""Demande sur le marché"","
"0","                            criteres_var == ""12"" ~ ""Bon gout"","
"0","                            criteres_var ==  ""13"" ~ ""Belle couleur"","
"0","                            criteres_var == ""14"" ~ ""Haut rendement en fourrages"","
"0","                            criteres_var == ""15"" ~ ""Qualité du fourrage"","
"0","                            criteres_var ==""16"" ~ ""Autres à spécifier"","
"0","                            TRUE ~ criteres_var))"
