"0","cor_plot<-ggcorrplot(corr,"
"0","                     hc.order=TRUE,"
"0","                     type=""lower"",#indique l'affichage par de                                     defaut,inferieur ou superieur"
"0","                     lab=TRUE ,#permet affiche les valeurs sur le graphe"
"0","                     lab_size=3, #la taille des chiffres"
"0","                     colors=c(""red"",""yellow"",""green""),"
"0","                     title=""Matrice de corrélation"","
"0","                     ggtheme=theme_bw)"
"0","cor_plot"
