"0","  ggplot(base_tp2, aes(y=age, x=sexe, fill=sexe))+"
"0","  geom_boxplot()+#Permet de représenter les boites à moustaches"
"0","  geom_jitter()+#permet d'ajouter des nuages de point sur le graphe"
"0","  scale_y_continuous(breaks = seq(0,100,by=5))+#on veut définir l'echelle de notre axe y et à s'étendre des valeurs qu'on veut"
"0","  scale_fill_manual(values = c(""Femme""=""green"", ""Homme""=""yellow""))+#permet de coloré les modalités de notre variable"
"0","  labs(x=""sexe"",y=""Age"")+#permet de donne un titre,sous-titre à notre graphe et les axes"
"0","  theme_bw() #permet de manipule l'arrière plan du graphe et cadrage"
"0",""
