"0","base_tp2=base_tp2%>%apply_labels(age=""Mettre 999 si Ne sait pas Reponse constrained to :(<=98 and >=18) or (=999)"","
"0","                                 sit_mat=""Situation maritale"","
"0","                                 si_chef_men=""Statut dans le ménage"","
"0","                                 niveau_alphabs=""Niveau d'alphabétisation Question relevant when:s{formation}<=2"","
"0","                                 types_varietes=""Quelles sont les variétés que vous utilisez pour la production de sésame?"","
"0","                                 criteres_var=""Quelles sont les critères de choix des variétés de sésame?"")"
"0","#Pour labeliser on utilise apply_labels(var=""description"")"
